comment_id,review_text
1,Отличный смартфон! Быстрая доставка, батарея держит долго. Очень доволен покупкой.
2,Курьер опоздал на 3 часа, товар пришёл в помятой коробке. Разочарован.
3,Нормальный товар за свои деньги. Ничего особенного, но брак не нашел.
4,Ужасное качество! Сломался через неделю после покупки. Не рекомендую.
5,Отличная цена, хороший сервис. Буду заказывать ещё.
6,Доставка быстрая, но продавец положил не ту модель. Пришлось менять.
7,Пользуюсь уже месяц — полёт нормальный. Спасибо продавцу.
8,Не понравилась упаковка: всё в пыли. Сам товар работает исправно.
9,Лучшее соотношение цена/качество на рынке. Всем советую!
10,Заявленные характеристики не соответствуют реальным. Вернул деньги с трудом.